date,city,temperature,humidity,precipitation,stock_winter_clothes,stock_summer_clothes,sales_winter_clothes,sales_summer_clothes
2023-01-01,"São Paulo, Brasil",19.7,65.3,9.2,84,144,8,12
2023-01-02,"São Paulo, Brasil",18.6,48.3,0.3,159,173,36,42
2023-01-03,"São Paulo, Brasil",18.1,48.9,8.2,101,126,8,16
2023-01-04,"São Paulo, Brasil",27.8,68.2,0.8,51,91,4,15
2023-01-05,"São Paulo, Brasil",30.7,35.2,8.5,157,144,49,66
2023-01-06,"São Paulo, Brasil",21.7,88.8,8.4,101,62,13,9
2023-01-07,"São Paulo, Brasil",33.6,36.3,4.0,157,140,76,56
2023-01-08,"São Paulo, Brasil",21.6,40.7,16.4,116,134,52,51
2023-01-09,"São Paulo, Brasil",33.2,59.8,8.7,181,110,29,24
2023-01-10,"São Paulo, Brasil",22.6,86.1,19.2,166,96,42,31
2023-01-11,"São Paulo, Brasil",16.3,56.5,6.2,66,197,31,56
2023-01-12,"São Paulo, Brasil",33.4,63.2,13.3,145,188,0,70
2023-01-13,"São Paulo, Brasil",32.4,50.5,15.0,88,135,5,35
2023-01-14,"São Paulo, Brasil",26.6,53.0,5.3,124,138,4,53
2023-01-15,"São Paulo, Brasil",22.0,85.7,3.7,59,145,18,31
2023-01-16,"São Paulo, Brasil",20.2,41.4,0.7,166,91,6,15
2023-01-17,"São Paulo, Brasil",28.6,59.0,16.5,106,56,45,26
2023-01-18,"São Paulo, Brasil",22.3,53.6,1.2,97,50,29,6
2023-01-19,"São Paulo, Brasil",29.3,82.1,1.1,78,155,33,44
2023-01-20,"São Paulo, Brasil",22.1,85.4,3.5,167,118,79,29
2023-01-21,"São Paulo, Brasil",28.4,64.8,12.1,77,168,10,22
2023-01-22,"São Paulo, Brasil",25.4,89.8,3.0,170,109,43,31
2023-01-23,"São Paulo, Brasil",23.7,76.2,5.7,87,154,6,41
2023-01-24,"São Paulo, Brasil",31.9,43.3,18.9,70,122,34,55
2023-01-25,"São Paulo, Brasil",26.8,80.5,15.4,62,81,3,37
2023-01-26,"São Paulo, Brasil",18.0,53.9,5.7,195,110,43,27
2023-01-27,"São Paulo, Brasil",18.5,46.5,5.6,170,188,38,20
2023-01-28,"São Paulo, Brasil",26.1,45.3,13.4,172,118,0,40
2023-01-29,"São Paulo, Brasil",31.2,37.0,16.8,148,90,18,36
2023-01-30,"São Paulo, Brasil",17.4,48.5,1.7,148,62,37,20
2023-01-31,"São Paulo, Brasil",30.0,34.5,10.4,87,149,17,54
2023-02-01,"São Paulo, Brasil",28.0,83.0,13.1,104,80,45,11
2023-02-02,"São Paulo, Brasil",20.5,77.4,19.1,196,157,48,54
2023-02-03,"São Paulo, Brasil",16.2,87.5,15.6,68,154,23,48
2023-02-04,"São Paulo, Brasil",18.2,57.3,17.5,166,148,81,64
2023-02-05,"São Paulo, Brasil",22.8,86.6,6.2,196,65,20,15
2023-02-06,"São Paulo, Brasil",15.6,77.6,6.5,113,90,5,34
2023-02-07,"São Paulo, Brasil",31.1,50.2,5.1,195,158,31,65
2023-02-08,"São Paulo, Brasil",16.4,40.6,13.0,52,143,7,15
2023-02-09,"São Paulo, Brasil",26.4,70.3,3.5,100,100,29,43
2023-02-10,"São Paulo, Brasil",21.8,52.3,19.7,120,75,5,30
2023-02-11,"São Paulo, Brasil",17.4,36.2,19.9,57,126,19,23
2023-02-12,"São Paulo, Brasil",18.0,58.8,11.3,143,179,22,52
2023-02-13,"São Paulo, Brasil",17.4,51.6,11.3,66,132,9,28
2023-02-14,"São Paulo, Brasil",15.3,89.6,3.5,186,87,83,43
2023-02-15,"São Paulo, Brasil",30.4,64.7,19.4,90,181,44,38
2023-02-16,"São Paulo, Brasil",20.2,83.3,5.2,184,95,49,17
2023-02-17,"São Paulo, Brasil",20.0,55.4,11.5,65,197,26,54
2023-02-18,"São Paulo, Brasil",29.2,84.7,17.2,76,118,8,1
2023-02-19,"São Paulo, Brasil",17.4,77.4,16.1,124,144,12,70
2023-02-20,"São Paulo, Brasil",19.0,37.5,13.5,80,88,32,8
2023-02-21,"São Paulo, Brasil",29.7,81.4,14.9,152,120,22,22
2023-02-22,"São Paulo, Brasil",30.7,39.4,7.9,139,66,14,12
2023-02-23,"São Paulo, Brasil",32.3,43.7,11.7,152,142,50,56
2023-02-24,"São Paulo, Brasil",22.2,34.4,2.0,147,170,58,70
2023-02-25,"São Paulo, Brasil",31.0,75.8,4.5,169,199,74,93
2023-02-26,"São Paulo, Brasil",34.2,30.4,8.9,155,82,33,12
2023-02-27,"São Paulo, Brasil",20.0,72.9,15.2,84,185,33,58
2023-02-28,"São Paulo, Brasil",34.1,32.2,3.1,64,178,4,47
2023-03-01,"São Paulo, Brasil",20.5,48.5,6.1,123,194,35,93
2023-03-02,"São Paulo, Brasil",20.6,67.5,6.2,193,111,51,34
2023-03-03,"São Paulo, Brasil",30.4,45.8,0.0,63,100,17,41
2023-03-04,"São Paulo, Brasil",24.1,83.9,13.9,188,50,31,12
2023-03-05,"São Paulo, Brasil",15.7,40.4,11.1,84,97,31,39
2023-03-06,"São Paulo, Brasil",31.9,64.4,8.3,58,140,14,42
2023-03-07,"São Paulo, Brasil",29.3,35.2,9.6,50,53,19,3
2023-03-08,"São Paulo, Brasil",28.3,73.1,11.5,52,194,24,38
2023-03-09,"São Paulo, Brasil",34.7,36.2,2.3,164,71,13,3
2023-03-10,"São Paulo, Brasil",28.6,41.5,15.1,72,75,27,25
2023-03-11,"São Paulo, Brasil",17.1,62.6,6.1,95,135,20,3
2023-03-12,"São Paulo, Brasil",24.8,61.5,19.7,112,176,36,16
2023-03-13,"São Paulo, Brasil",26.5,59.1,10.9,169,52,24,15
2023-03-14,"São Paulo, Brasil",27.1,75.7,15.8,66,90,1,45
2023-03-15,"São Paulo, Brasil",26.5,42.5,13.0,174,165,42,48
2023-03-16,"São Paulo, Brasil",19.9,84.9,8.6,158,180,61,21
2023-03-17,"São Paulo, Brasil",26.4,35.2,0.9,197,191,63,77
2023-03-18,"São Paulo, Brasil",19.8,51.3,14.4,174,196,85,9
2023-03-19,"São Paulo, Brasil",19.6,86.3,17.1,92,168,41,63
2023-03-20,"São Paulo, Brasil",15.4,33.0,5.3,173,73,22,11
2023-03-21,"São Paulo, Brasil",27.4,52.0,10.6,53,61,23,11
2023-03-22,"São Paulo, Brasil",19.2,65.5,15.1,155,134,61,63
2023-03-23,"São Paulo, Brasil",20.5,45.1,15.5,191,117,6,33
2023-03-24,"São Paulo, Brasil",32.2,43.5,19.3,105,161,4,66
2023-03-25,"São Paulo, Brasil",28.1,54.9,2.3,66,121,22,24
2023-03-26,"São Paulo, Brasil",19.2,87.0,17.0,132,58,54,6
2023-03-27,"São Paulo, Brasil",19.1,87.9,10.7,197,55,71,13
2023-03-28,"São Paulo, Brasil",23.0,30.6,2.2,80,102,24,47
2023-03-29,"São Paulo, Brasil",22.7,58.7,2.2,54,127,1,19
2023-03-30,"São Paulo, Brasil",16.4,33.6,2.2,147,119,31,0
2023-03-31,"São Paulo, Brasil",28.1,44.4,1.9,164,71,75,27
2023-04-01,"São Paulo, Brasil",20.1,47.4,2.8,57,127,25,45
2023-04-02,"São Paulo, Brasil",29.2,70.7,17.2,109,109,46,43
2023-04-03,"São Paulo, Brasil",19.7,60.8,10.2,55,162,21,75
2023-04-04,"São Paulo, Brasil",15.6,32.9,0.8,149,147,47,24
2023-04-05,"São Paulo, Brasil",32.0,40.6,18.2,193,117,8,18
2023-04-06,"São Paulo, Brasil",21.3,52.1,9.4,97,92,31,38
2023-04-07,"São Paulo, Brasil",27.3,41.5,4.4,173,102,48,20
2023-04-08,"São Paulo, Brasil",15.0,76.0,18.3,63,190,9,81
2023-04-09,"São Paulo, Brasil",30.4,71.5,20.0,159,142,23,66
2023-04-10,"São Paulo, Brasil",15.1,62.7,6.0,155,172,39,12
2023-04-11,"São Paulo, Brasil",16.3,32.0,10.5,160,111,74,53
2023-04-12,"São Paulo, Brasil",17.8,34.9,3.1,92,93,37,16
2023-04-13,"São Paulo, Brasil",15.7,87.4,11.6,147,51,18,24
2023-04-14,"São Paulo, Brasil",21.0,48.2,5.3,51,195,11,5
2023-04-15,"São Paulo, Brasil",18.8,73.5,19.1,153,85,11,15
2023-04-16,"São Paulo, Brasil",21.6,79.3,6.6,126,130,49,44
2023-04-17,"São Paulo, Brasil",31.5,78.6,8.7,95,176,2,32
2023-04-18,"São Paulo, Brasil",19.6,47.5,6.1,166,119,58,2
2023-04-19,"São Paulo, Brasil",15.9,38.6,17.2,174,164,63,11
2023-04-20,"São Paulo, Brasil",25.7,34.1,6.7,100,134,22,38
2023-04-21,"São Paulo, Brasil",25.5,43.0,9.9,87,78,32,33
2023-04-22,"São Paulo, Brasil",19.2,36.6,9.8,179,159,44,48
2023-04-23,"São Paulo, Brasil",24.1,75.7,17.3,179,104,32,38
2023-04-24,"São Paulo, Brasil",23.6,62.0,6.6,146,142,40,51
2023-04-25,"São Paulo, Brasil",27.7,44.9,2.5,111,189,48,32
2023-04-26,"São Paulo, Brasil",19.9,57.2,10.1,85,186,26,64
2023-04-27,"São Paulo, Brasil",24.9,70.5,1.5,185,167,73,23
2023-04-28,"São Paulo, Brasil",17.9,89.5,17.2,106,84,24,13
2023-04-29,"São Paulo, Brasil",22.6,34.1,19.3,51,149,0,31
2023-04-30,"São Paulo, Brasil",17.2,85.1,11.5,71,80,5,26
2023-05-01,"São Paulo, Brasil",29.2,61.6,16.4,87,170,0,13
2023-05-02,"São Paulo, Brasil",33.3,69.4,16.4,98,126,46,38
2023-05-03,"São Paulo, Brasil",15.6,31.3,1.8,145,91,59,19
2023-05-04,"São Paulo, Brasil",26.6,70.5,17.9,112,94,33,29
2023-05-05,"São Paulo, Brasil",27.0,61.3,0.2,93,168,29,42
2023-05-06,"São Paulo, Brasil",33.6,49.2,18.4,126,74,33,0
2023-05-07,"São Paulo, Brasil",23.5,75.5,1.3,108,128,32,40
2023-05-08,"São Paulo, Brasil",30.2,31.4,0.9,153,160,3,11
2023-05-09,"São Paulo, Brasil",18.5,64.6,7.4,66,132,28,50
2023-05-10,"São Paulo, Brasil",18.6,75.1,10.1,193,160,75,52
2023-05-11,"São Paulo, Brasil",21.5,78.9,1.9,161,137,54,25
2023-05-12,"São Paulo, Brasil",34.6,81.6,1.9,83,78,39,5
2023-05-13,"São Paulo, Brasil",19.9,67.7,0.4,126,81,43,21
2023-05-14,"São Paulo, Brasil",22.1,41.2,7.1,72,103,4,23
2023-05-15,"São Paulo, Brasil",34.5,50.8,13.2,184,85,2,22
2023-05-16,"São Paulo, Brasil",23.4,67.5,12.9,56,116,27,31
2023-05-17,"São Paulo, Brasil",33.2,34.5,11.5,183,127,86,22
2023-05-18,"São Paulo, Brasil",16.8,30.0,12.3,110,155,40,71
2023-05-19,"São Paulo, Brasil",18.0,31.2,0.1,145,95,21,11
2023-05-20,"São Paulo, Brasil",33.2,54.6,15.4,186,168,83,12
2023-05-21,"São Paulo, Brasil",22.6,33.7,16.9,118,142,21,9
2023-05-22,"São Paulo, Brasil",15.7,36.2,7.2,91,127,29,49
2023-05-23,"São Paulo, Brasil",26.0,85.3,16.9,117,87,28,17
2023-05-24,"São Paulo, Brasil",30.3,32.4,17.6,68,70,28,29
2023-05-25,"São Paulo, Brasil",29.9,82.5,2.7,60,113,8,35
2023-05-26,"São Paulo, Brasil",22.2,42.4,6.6,57,93,23,4
2023-05-27,"São Paulo, Brasil",18.3,86.0,14.8,97,103,18,19
2023-05-28,"São Paulo, Brasil",19.0,71.8,10.7,161,127,35,18
2023-05-29,"São Paulo, Brasil",15.7,45.2,9.2,83,183,0,22
2023-05-30,"São Paulo, Brasil",25.9,49.6,19.1,110,55,1,0
2023-05-31,"São Paulo, Brasil",26.6,82.2,9.2,118,62,48,9
2023-06-01,"São Paulo, Brasil",33.2,81.5,8.5,72,52,31,14
2023-06-02,"São Paulo, Brasil",30.5,63.1,12.6,80,105,36,14
2023-06-03,"São Paulo, Brasil",29.4,63.0,5.8,97,187,24,47
2023-06-04,"São Paulo, Brasil",31.1,34.7,1.6,158,98,57,20
2023-06-05,"São Paulo, Brasil",32.8,43.1,3.8,95,86,6,25
2023-06-06,"São Paulo, Brasil",17.4,44.5,16.2,69,198,27,2
2023-06-07,"São Paulo, Brasil",17.0,53.9,12.5,81,124,28,6
2023-06-08,"São Paulo, Brasil",20.5,82.9,8.7,124,117,6,53
2023-06-09,"São Paulo, Brasil",21.2,41.0,2.4,102,54,48,21
2023-06-10,"São Paulo, Brasil",26.9,64.5,11.1,141,192,46,0
2023-06-11,"São Paulo, Brasil",27.5,56.1,13.6,70,70,20,11
2023-06-12,"São Paulo, Brasil",17.7,48.7,2.4,106,50,1,4
2023-06-13,"São Paulo, Brasil",24.8,33.3,17.9,52,94,19,14
2023-06-14,"São Paulo, Brasil",22.4,36.7,5.5,54,103,17,46
2023-06-15,"São Paulo, Brasil",25.6,47.1,13.5,81,103,16,45
2023-06-16,"São Paulo, Brasil",22.2,48.1,1.7,158,195,46,12
2023-06-17,"São Paulo, Brasil",20.4,46.0,13.0,136,92,60,17
2023-06-18,"São Paulo, Brasil",30.1,89.4,0.9,104,103,4,43
2023-06-19,"São Paulo, Brasil",30.4,77.3,6.7,180,78,43,32
2023-06-20,"São Paulo, Brasil",27.1,74.1,2.6,51,155,14,3
2023-06-21,"São Paulo, Brasil",23.8,85.3,7.5,78,92,16,46
2023-06-22,"São Paulo, Brasil",17.4,55.2,14.3,151,80,10,11
2023-06-23,"São Paulo, Brasil",28.5,84.3,1.5,51,70,24,33
2023-06-24,"São Paulo, Brasil",15.4,79.4,0.4,165,176,12,19
2023-06-25,"São Paulo, Brasil",29.3,72.1,19.6,156,174,11,54
2023-06-26,"São Paulo, Brasil",19.9,31.0,9.3,55,151,13,28
2023-06-27,"São Paulo, Brasil",15.1,70.5,16.2,141,135,54,27
2023-06-28,"São Paulo, Brasil",22.5,53.7,1.6,124,193,57,16
2023-06-29,"São Paulo, Brasil",33.1,42.7,10.4,188,111,38,23
2023-06-30,"São Paulo, Brasil",31.8,38.3,14.4,137,62,66,8
2023-07-01,"São Paulo, Brasil",15.5,76.1,12.3,186,102,26,5
2023-07-02,"São Paulo, Brasil",24.1,53.4,14.3,77,141,28,1
2023-07-03,"São Paulo, Brasil",17.9,30.7,19.2,171,88,17,1
2023-07-04,"São Paulo, Brasil",15.2,63.6,2.9,59,98,25,23
2023-07-05,"São Paulo, Brasil",32.1,73.6,1.7,100,133,17,51
2023-07-06,"São Paulo, Brasil",22.0,37.9,4.1,73,164,33,17
2023-07-07,"São Paulo, Brasil",23.1,50.6,2.6,50,159,2,59
2023-07-08,"São Paulo, Brasil",29.1,75.6,10.6,71,157,22,67
2023-07-09,"São Paulo, Brasil",30.6,44.5,11.2,85,83,28,23
2023-07-10,"São Paulo, Brasil",20.2,32.5,17.4,167,103,63,16
2023-07-11,"São Paulo, Brasil",20.7,55.7,6.2,73,193,23,43
2023-07-12,"São Paulo, Brasil",20.9,59.4,15.3,131,105,11,50
2023-07-13,"São Paulo, Brasil",17.1,58.6,12.3,173,109,85,2
2023-07-14,"São Paulo, Brasil",15.7,67.2,1.0,197,138,60,62
2023-07-15,"São Paulo, Brasil",15.3,58.4,10.7,105,177,28,81
2023-07-16,"São Paulo, Brasil",28.5,33.1,15.7,102,172,49,83
2023-07-17,"São Paulo, Brasil",16.2,67.6,17.4,140,97,7,43
2023-07-18,"São Paulo, Brasil",34.9,34.0,10.3,126,164,4,20
2023-07-19,"São Paulo, Brasil",27.3,88.6,13.0,174,68,41,13
2023-07-20,"São Paulo, Brasil",22.8,84.9,16.2,187,152,34,14
2023-07-21,"São Paulo, Brasil",19.7,72.1,11.8,154,117,30,46
2023-07-22,"São Paulo, Brasil",17.0,39.8,12.5,176,50,6,4
2023-07-23,"São Paulo, Brasil",29.6,85.4,4.4,160,99,35,22
2023-07-24,"São Paulo, Brasil",33.9,32.2,9.2,111,110,43,26
2023-07-25,"São Paulo, Brasil",16.7,51.4,11.2,89,72,18,17
2023-07-26,"São Paulo, Brasil",16.2,62.5,2.6,63,131,13,12
2023-07-27,"São Paulo, Brasil",29.0,69.5,5.7,127,82,53,32
2023-07-28,"São Paulo, Brasil",32.1,56.2,14.9,175,126,55,31
2023-07-29,"São Paulo, Brasil",16.3,32.2,6.1,111,52,16,0
2023-07-30,"São Paulo, Brasil",17.1,37.9,15.6,115,76,19,38
2023-07-31,"São Paulo, Brasil",32.9,54.6,12.0,107,167,38,44
2023-08-01,"São Paulo, Brasil",20.2,84.4,3.9,127,182,59,15
2023-08-02,"São Paulo, Brasil",26.5,45.4,7.8,182,123,27,58
2023-08-03,"São Paulo, Brasil",30.4,66.0,9.2,186,198,33,30
2023-08-04,"São Paulo, Brasil",22.3,44.8,13.5,117,165,27,65
2023-08-05,"São Paulo, Brasil",21.8,48.0,5.1,164,199,46,68
2023-08-06,"São Paulo, Brasil",32.2,84.8,7.8,191,167,76,51
2023-08-07,"São Paulo, Brasil",32.2,60.3,17.6,97,103,0,36
2023-08-08,"São Paulo, Brasil",21.9,57.7,6.2,60,59,17,1
2023-08-09,"São Paulo, Brasil",30.6,48.7,1.2,92,192,34,19
2023-08-10,"São Paulo, Brasil",27.6,39.3,17.4,72,152,8,63
2023-08-11,"São Paulo, Brasil",15.1,63.8,11.9,164,126,12,60
2023-08-12,"São Paulo, Brasil",27.8,52.3,18.7,71,147,20,10
2023-08-13,"São Paulo, Brasil",15.4,82.4,7.5,144,81,67,24
2023-08-14,"São Paulo, Brasil",23.5,58.1,6.8,192,116,60,26
2023-08-15,"São Paulo, Brasil",23.6,40.4,16.7,59,156,4,44
2023-08-16,"São Paulo, Brasil",15.5,36.1,0.5,59,98,29,20
2023-08-17,"São Paulo, Brasil",30.0,41.3,10.1,55,129,17,16
2023-08-18,"São Paulo, Brasil",31.5,31.0,10.0,119,161,32,35
2023-08-19,"São Paulo, Brasil",31.1,80.1,1.4,171,174,49,7
2023-08-20,"São Paulo, Brasil",15.9,48.8,8.8,167,108,75,29
2023-08-21,"São Paulo, Brasil",19.5,88.7,3.5,61,139,21,61
2023-08-22,"São Paulo, Brasil",29.2,63.4,8.2,124,75,53,3
2023-08-23,"São Paulo, Brasil",27.0,78.9,8.7,193,163,26,59
2023-08-24,"São Paulo, Brasil",24.1,37.7,16.9,55,179,9,67
2023-08-25,"São Paulo, Brasil",18.5,52.5,15.2,91,175,38,7
2023-08-26,"São Paulo, Brasil",20.3,79.4,5.1,173,86,66,38
2023-08-27,"São Paulo, Brasil",33.3,38.4,0.0,126,169,32,51
2023-08-28,"São Paulo, Brasil",25.3,54.8,7.7,85,87,31,4
2023-08-29,"São Paulo, Brasil",25.2,69.6,14.5,62,66,31,30
2023-08-30,"São Paulo, Brasil",17.7,69.3,10.0,119,104,4,29
2023-08-31,"São Paulo, Brasil",18.9,63.9,8.8,112,155,24,50
2023-09-01,"São Paulo, Brasil",15.9,79.7,14.5,98,171,20,76
2023-09-02,"São Paulo, Brasil",15.8,88.6,17.4,143,102,51,8
2023-09-03,"São Paulo, Brasil",32.4,30.4,8.2,140,88,7,8
2023-09-04,"São Paulo, Brasil",21.3,71.1,17.4,186,143,68,21
2023-09-05,"São Paulo, Brasil",34.1,75.0,8.6,138,80,57,23
2023-09-06,"São Paulo, Brasil",17.1,50.1,3.7,148,144,12,68
2023-09-07,"São Paulo, Brasil",20.9,57.0,4.9,182,148,37,25
2023-09-08,"São Paulo, Brasil",24.2,69.2,4.8,89,118,6,2
2023-09-09,"São Paulo, Brasil",28.8,34.8,12.9,168,115,45,34
2023-09-10,"São Paulo, Brasil",29.3,53.0,5.8,77,158,10,44
2023-09-11,"São Paulo, Brasil",23.6,38.4,7.2,51,194,16,56
2023-09-12,"São Paulo, Brasil",34.9,88.6,15.4,112,86,9,29
2023-09-13,"São Paulo, Brasil",33.6,39.6,1.7,123,106,22,43
2023-09-14,"São Paulo, Brasil",28.3,42.1,0.8,57,69,10,17
2023-09-15,"São Paulo, Brasil",25.6,55.6,12.9,57,136,15,51
2023-09-16,"São Paulo, Brasil",19.3,37.3,14.6,123,165,58,6
2023-09-17,"São Paulo, Brasil",25.8,72.8,3.4,111,89,21,34
2023-09-18,"São Paulo, Brasil",32.3,73.2,2.2,178,128,17,64
2023-09-19,"São Paulo, Brasil",24.0,60.5,5.1,94,170,17,46
2023-09-20,"São Paulo, Brasil",25.2,36.4,16.7,165,174,67,52
2023-09-21,"São Paulo, Brasil",23.3,86.4,18.0,165,67,69,29
2023-09-22,"São Paulo, Brasil",24.9,64.0,4.4,123,137,30,48
2023-09-23,"São Paulo, Brasil",34.7,33.8,19.3,89,125,26,54
2023-09-24,"São Paulo, Brasil",22.4,45.9,19.3,197,129,54,57
2023-09-25,"São Paulo, Brasil",24.6,61.3,14.9,116,152,27,43
2023-09-26,"São Paulo, Brasil",34.9,48.0,16.8,196,138,39,59
2023-09-27,"São Paulo, Brasil",25.4,42.1,14.3,161,57,27,11
2023-09-28,"São Paulo, Brasil",29.9,63.1,2.2,176,167,40,24
2023-09-29,"São Paulo, Brasil",18.3,37.1,2.1,156,146,35,34
2023-09-30,"São Paulo, Brasil",24.2,48.8,1.7,164,101,79,26
2023-10-01,"São Paulo, Brasil",34.1,87.9,5.6,63,67,18,5
2023-10-02,"São Paulo, Brasil",16.4,59.2,2.6,92,187,46,57
2023-10-03,"São Paulo, Brasil",16.6,66.7,9.5,110,123,18,29
2023-10-04,"São Paulo, Brasil",15.2,82.3,0.5,175,51,57,13
2023-10-05,"São Paulo, Brasil",16.8,60.9,17.1,175,68,46,34
2023-10-06,"São Paulo, Brasil",20.8,75.8,3.5,115,146,44,31
2023-10-07,"São Paulo, Brasil",20.6,38.4,17.7,118,92,7,39
2023-10-08,"São Paulo, Brasil",19.1,40.6,16.3,140,167,36,41
2023-10-09,"São Paulo, Brasil",26.3,45.7,1.4,105,128,28,9
2023-10-10,"São Paulo, Brasil",34.1,46.8,8.3,145,85,38,35
2023-10-11,"São Paulo, Brasil",25.6,30.4,0.5,184,154,74,15
2023-10-12,"São Paulo, Brasil",18.0,56.9,9.1,55,98,12,19
2023-10-13,"São Paulo, Brasil",30.4,80.3,13.9,97,142,5,60
2023-10-14,"São Paulo, Brasil",26.4,86.5,2.8,84,126,26,4
2023-10-15,"São Paulo, Brasil",22.6,68.9,5.8,88,189,34,84
2023-10-16,"São Paulo, Brasil",27.3,88.4,14.2,122,197,37,27
2023-10-17,"São Paulo, Brasil",31.7,45.2,11.9,84,111,19,25
2023-10-18,"São Paulo, Brasil",24.3,33.7,19.9,198,71,31,5
2023-10-19,"São Paulo, Brasil",27.4,40.2,12.2,64,128,11,44
2023-10-20,"São Paulo, Brasil",26.7,68.9,14.4,123,129,42,63
2023-10-21,"São Paulo, Brasil",18.9,48.4,4.7,93,137,6,31
2023-10-22,"São Paulo, Brasil",25.6,46.9,12.8,191,98,82,40
2023-10-23,"São Paulo, Brasil",31.8,80.8,10.8,96,179,11,83
2023-10-24,"São Paulo, Brasil",17.4,55.1,17.2,145,155,15,33
2023-10-25,"São Paulo, Brasil",34.5,64.8,4.4,88,151,2,37
2023-10-26,"São Paulo, Brasil",31.4,73.8,9.7,86,150,24,68
2023-10-27,"São Paulo, Brasil",19.8,62.8,15.0,165,162,78,53
2023-10-28,"São Paulo, Brasil",24.3,64.2,19.6,100,94,1,35
2023-10-29,"São Paulo, Brasil",30.1,54.5,11.3,74,121,3,5
2023-10-30,"São Paulo, Brasil",24.4,33.4,2.2,168,164,48,40
2023-10-31,"São Paulo, Brasil",26.8,73.4,18.7,78,159,36,52
2023-11-01,"São Paulo, Brasil",23.3,78.9,8.2,62,162,19,70
2023-11-02,"São Paulo, Brasil",29.4,66.4,16.0,177,197,63,75
2023-11-03,"São Paulo, Brasil",17.8,85.6,5.2,197,83,53,12
2023-11-04,"São Paulo, Brasil",24.9,83.0,9.4,123,77,8,20
2023-11-05,"São Paulo, Brasil",29.2,57.9,2.2,97,131,32,61
2023-11-06,"São Paulo, Brasil",15.4,55.4,3.2,198,171,9,52
2023-11-07,"São Paulo, Brasil",22.5,40.6,13.1,124,73,28,11
2023-11-08,"São Paulo, Brasil",15.8,63.1,15.6,200,50,11,24
2023-11-09,"São Paulo, Brasil",17.1,51.2,15.0,127,186,30,85
2023-11-10,"São Paulo, Brasil",33.6,45.8,3.9,125,77,60,1
2023-11-11,"São Paulo, Brasil",25.6,84.2,18.2,117,134,26,52
2023-11-12,"São Paulo, Brasil",28.3,49.7,5.4,112,179,38,15
2023-11-13,"São Paulo, Brasil",16.2,67.3,12.5,107,115,32,40
2023-11-14,"São Paulo, Brasil",25.0,50.1,7.8,158,140,44,64
2023-11-15,"São Paulo, Brasil",27.5,40.8,9.2,72,83,4,27
2023-11-16,"São Paulo, Brasil",27.0,61.4,16.7,148,131,58,30
2023-11-17,"São Paulo, Brasil",26.8,61.9,17.9,100,142,11,71
2023-11-18,"São Paulo, Brasil",22.3,52.0,11.7,150,81,53,38
2023-11-19,"São Paulo, Brasil",25.7,32.0,14.9,135,115,6,1
2023-11-20,"São Paulo, Brasil",23.2,37.6,2.7,123,147,39,12
2023-11-21,"São Paulo, Brasil",25.2,54.5,6.1,179,150,71,58
2023-11-22,"São Paulo, Brasil",31.9,43.7,6.8,159,128,78,7
2023-11-23,"São Paulo, Brasil",22.8,88.2,3.4,67,143,9,22
2023-11-24,"São Paulo, Brasil",16.8,62.4,9.7,157,79,49,30
2023-11-25,"São Paulo, Brasil",20.7,74.8,7.4,103,141,36,36
2023-11-26,"São Paulo, Brasil",21.6,34.2,8.5,188,160,40,24
2023-11-27,"São Paulo, Brasil",27.6,72.2,8.2,64,81,11,7
2023-11-28,"São Paulo, Brasil",15.4,88.8,7.2,80,122,27,7
2023-11-29,"São Paulo, Brasil",34.9,76.4,1.2,56,72,1,28
2023-11-30,"São Paulo, Brasil",29.2,51.9,6.9,169,102,60,51
2023-12-01,"São Paulo, Brasil",29.7,67.8,1.0,53,78,8,13
2023-12-02,"São Paulo, Brasil",30.3,73.0,11.7,174,192,1,23
2023-12-03,"São Paulo, Brasil",27.1,77.7,6.7,56,158,12,7
2023-12-04,"São Paulo, Brasil",23.1,39.0,4.7,194,185,35,10
2023-12-05,"São Paulo, Brasil",34.3,80.2,16.1,110,63,39,26
2023-12-06,"São Paulo, Brasil",27.1,31.7,13.1,101,150,1,10
2023-12-07,"São Paulo, Brasil",26.8,45.0,11.6,74,180,33,5
2023-12-08,"São Paulo, Brasil",31.0,72.5,14.4,158,110,64,52
2023-12-09,"São Paulo, Brasil",20.9,77.5,10.5,161,161,70,77
2023-12-10,"São Paulo, Brasil",17.9,30.2,1.4,56,69,11,19
2023-12-11,"São Paulo, Brasil",15.7,45.1,9.0,182,94,10,31
2023-12-12,"São Paulo, Brasil",15.2,83.7,8.8,138,185,45,18
2023-12-13,"São Paulo, Brasil",27.2,67.7,9.1,156,85,38,32
2023-12-14,"São Paulo, Brasil",20.4,34.5,16.5,190,57,70,26
2023-12-15,"São Paulo, Brasil",31.2,84.9,9.3,69,141,2,13
2023-12-16,"São Paulo, Brasil",19.5,50.0,16.8,64,104,24,48
2023-12-17,"São Paulo, Brasil",26.0,34.1,8.7,63,106,25,39
2023-12-18,"São Paulo, Brasil",18.3,32.9,13.5,145,95,15,7
2023-12-19,"São Paulo, Brasil",29.6,84.4,13.4,177,92,85,17
2023-12-20,"São Paulo, Brasil",25.2,37.0,15.6,102,120,20,21
2023-12-21,"São Paulo, Brasil",30.6,79.4,16.3,166,86,40,1
2023-12-22,"São Paulo, Brasil",23.8,33.4,1.1,141,100,15,26
2023-12-23,"São Paulo, Brasil",25.6,85.8,9.4,181,179,43,17
2023-12-24,"São Paulo, Brasil",33.3,41.4,14.8,193,182,38,91
2023-12-25,"São Paulo, Brasil",17.8,48.1,15.1,68,75,5,19
2023-12-26,"São Paulo, Brasil",31.8,87.2,14.9,71,175,21,19
2023-12-27,"São Paulo, Brasil",34.0,43.4,18.7,148,70,29,23
2023-12-28,"São Paulo, Brasil",32.8,70.7,2.7,150,113,19,26
2023-12-29,"São Paulo, Brasil",15.2,34.1,15.0,161,181,49,52
2023-12-30,"São Paulo, Brasil",16.7,79.1,4.1,190,179,5,39
2023-12-31,"São Paulo, Brasil",25.4,89.1,19.1,91,112,37,49
2023-09-01,Rio de Janeiro,23.023910473910618,48.8705960009007,4.08710614302668,73,120,7,29
2023-09-02,Rio de Janeiro,33.89516547372142,47.43319339110808,8.87031240900145,132,144,25,28
2023-09-03,Rio de Janeiro,34.304032057540205,77.30550950010445,9.620377288688207,82,81,18,36
2023-09-04,Rio de Janeiro,23.780586880319873,73.3345419484782,6.425073351302226,129,109,27,39
2023-09-05,Rio de Janeiro,31.038868050684645,59.55267062544,9.082170716685544,122,107,16,21
2023-09-06,Rio de Janeiro,28.342658048048413,80.4018326372632,2.577993954129627,104,87,16,49
2023-09-07,Rio de Janeiro,33.55842812578243,75.49779216369593,5.628209270854447,121,84,29,33
2023-09-08,Rio de Janeiro,20.964784157912003,72.10491902732221,19.31319886261926,127,101,14,33
2023-09-09,Rio de Janeiro,25.801032631529228,41.987746235816154,4.260515582906821,54,146,22,11
2023-09-10,Rio de Janeiro,29.339732811174198,74.94305660323738,2.2638523188403803,119,94,8,45
2023-09-01,Belo Horizonte,15.064952846533206,71.19683138607509,6.155428701895986,78,99,19,38
2023-09-02,Belo Horizonte,26.831963527036066,54.478958838575764,2.401454710958233,101,153,6,36
2023-09-03,Belo Horizonte,28.006295674046143,46.104714776828935,13.58970553638784,62,128,28,35
2023-09-04,Belo Horizonte,20.310254692790735,67.09809939168963,1.655491406337004,67,91,14,46
2023-09-05,Belo Horizonte,24.051312895251428,48.17325071771857,12.9907116015414,64,172,29,45
2023-09-06,Belo Horizonte,25.243802963590518,40.35054214956544,3.936086688517033,68,83,29,44
2023-09-07,Belo Horizonte,33.66970577197267,62.77583647745628,7.672986244442703,52,185,23,37
2023-09-08,Belo Horizonte,18.739818168700122,77.92916752275431,0.22120809184259294,113,184,25,38
2023-09-09,Belo Horizonte,15.279667326389552,73.67792426347071,13.18613349296147,67,141,18,49
2023-09-10,Belo Horizonte,31.160734546314114,51.923619713090595,10.592272791230092,70,165,27,46
2023-09-01,Salvador,20.072362743445666,89.06061900943101,10.761152509302486,128,119,9,21
2023-09-02,Salvador,16.56713711170391,78.7043847500968,17.999232195051754,75,105,19,36
2023-09-03,Salvador,25.689454392791827,41.63665646901676,10.935266067529252,108,187,23,36
2023-09-04,Salvador,33.86566442929874,41.275504103975535,7.843271257543185,61,141,10,35
2023-09-05,Salvador,20.975589398837144,84.1750604724673,18.734149686543503,55,89,30,45
2023-09-06,Salvador,33.522676588918955,70.10737619348029,2.206217914413613,147,121,19,28
2023-09-07,Salvador,22.84367850876165,47.621093632533515,14.500176145124641,138,184,11,25
2023-09-08,Salvador,22.37057022244886,54.83827508552326,15.473823860807894,80,125,30,31
2023-09-09,Salvador,31.861752269388212,43.0271609013533,8.915451540215473,68,184,7,19
2023-09-10,Salvador,31.05746361911612,49.79332897416216,10.153199915517577,111,147,27,23
2023-09-01,Curitiba,31.524874468746557,49.714373268224904,15.822953820291456,89,129,28,37
2023-09-02,Curitiba,29.128321643707277,49.705613591668,7.094736753678433,76,122,13,11
2023-09-03,Curitiba,34.265671314521114,50.90621428130073,15.883839945026601,112,123,16,19
2023-09-04,Curitiba,18.728122117634804,40.42998383142757,16.625886519074918,133,109,23,46
2023-09-05,Curitiba,16.596237600971524,77.29726043840908,13.47452825882626,85,131,7,42
2023-09-06,Curitiba,30.82244092224262,89.92819430623788,2.1025115124377947,81,110,22,30
2023-09-07,Curitiba,26.53841554081495,85.72787365602126,2.422644176790645,145,86,9,20
2023-09-08,Curitiba,23.598036921423542,66.37083994576452,16.043172019293074,128,161,14,44
2023-09-09,Curitiba,29.07309251125014,44.0461450781673,9.558274694074669,72,96,17,15
2023-09-10,Curitiba,28.791152168543604,86.07776668069164,1.8778995168808121,123,139,22,45
2023-09-01,Fortaleza,23.103943346376205,48.03478382289969,9.048680498776157,97,138,7,14
2023-09-02,Fortaleza,27.21067038569265,53.05627639900136,7.129257707867378,144,198,17,17
2023-09-03,Fortaleza,34.52819822375257,80.3242467380602,19.261191015023496,68,113,14,29
2023-09-04,Fortaleza,30.12905087259074,80.20836757221029,11.193109302279904,61,138,22,17
2023-09-05,Fortaleza,30.747079344672706,77.34968249545413,0.6170123541363548,132,184,11,35
2023-09-06,Fortaleza,24.38263004703884,81.47452778182398,16.71717986689632,61,99,5,12
2023-09-07,Fortaleza,33.614239225597025,54.95231470451419,8.19498285929,111,111,16,48
2023-09-08,Fortaleza,23.155817360196135,45.22865522971479,13.129058162131395,135,111,20,42
2023-09-09,Fortaleza,25.49076273582883,65.38518107248721,11.277433649778558,141,165,21,49
2023-09-10,Fortaleza,19.59230998901262,63.56403324225067,17.768063738273558,92,131,14,28
